{"cameraMode":{"drawMode":0,"name":"Shaded","section":"Shading Mode"},"sceneLighting":false,"audioPlay":false,"sceneViewState":{"showFog":true,"showMaterialUpdate":false,"showSkybox":false,"showFlares":true,"showImageEffects":true,"showParticleSystems":true},"in2DMode":false,"pivot":{"x":-0.36518585681915285,"y":-0.3709747791290283,"z":-0.3860054016113281},"rotation":{"x":-0.056090813130140308,"y":0.9390612244606018,"z":-0.2839086055755615,"w":-0.18552914261817933},"size":1.9190640449523926,"orthographic":false}